seq_id,instruction,generated_code,generated_text,label,mean_entropy,std_entropy,mean_logit_margin,mean_top5_sum,sequence_length,ast_parse_success,cyclomatic_complexity,avg_indent,line_count,balance_paren,balance_brack,balance_brace,semantic_similarity,len_ratio_instr_code,assert_pass_ratio,runtime_error
660113403,"Write a function to check if a given string is a palindrome. A palindrome is a word, phrase, number, or other sequence of characters that reads the same forward and backward, ignoring spaces, punctuation, and capitalization.","def is_palindrome(s):
    # Normalize the string by removing non-alphanumeric characters and converting to lowercase
    normalized_str = ''.join(c.lower() for c in s if c.isalnum())
    
    # Check if the normalized string reads the same forwards and backwards
    return normalized_str == normalized_str[::-1]

# Example usage:
print(is_palindrome(""A man, a plan, a canal, Panama""))  # Output: True
print(is_palindrome(""racecar""))                         # Output: True
print(is_palindrome(""hello""))                           # Output: False","Here's a Python function that checks if a given string is a palindrome:

```python
def is_palindrome(s):
    # Normalize the string by removing non-alphanumeric characters and converting to lowercase
    normalized_str = ''.join(c.lower() for c in s if c.isalnum())
    
    # Check if the normalized string reads the same forwards and backwards
    return normalized_str == normalized_str[::-1]

# Example usage:
print(is_palindrome(""A man, a plan, a canal, Panama""))  # Output: True
print(is_palindrome(""racecar""))                         # Output: True
print(is_palindrome(""hello""))                           # Output: False
```

### Explanation:

1. **Normalization**: The function first normalizes the input string by removing all non-alphanumeric characters and converting all characters to lowercase. This ensures that the palindrome check is case-insensitive and ignores spaces, punctuation, etc.

2. **Palindrome Check**: It then checks if the normalized string reads",1,0.08461668044328689,0.21770197975854236,15.904173063337803,0.9999999985098839,200,1.0,0.0,1.7777777777777777,11,1.0,1.0,0.0,0.0,0.6,0.75,0.0
14192481277,Write a function to find the missing number in a given list of numbers ranging from 0 to n.,"Certainly! You can find the missing number in a list of numbers ranging from 0 to \( n \) using the mathematical property of the sum of the first \( n \) natural numbers. The sum of the first \( n \) natural numbers is given by the formula:

\[ \text{Sum} = \frac{n \times (n + 1)}{2} \]

By calculating this sum and subtracting the sum of the numbers in the list, you can find the missing number. Here's how you can implement this in Python:

```python
def find_missing_number(nums):
    n = len(nums)
    total_sum = n * (n + 1) // 2
    array_sum = sum(nums)
    return total_sum - array_sum

# Example usage:
nums = [3, 7, 1, 2, 8, 4, 5]
missing_number = find_missing_number(nums)
print(f""The missing number is:","Certainly! You can find the missing number in a list of numbers ranging from 0 to \( n \) using the mathematical property of the sum of the first \( n \) natural numbers. The sum of the first \( n \) natural numbers is given by the formula:

\[ \text{Sum} = \frac{n \times (n + 1)}{2} \]

By calculating this sum and subtracting the sum of the numbers in the list, you can find the missing number. Here's how you can implement this in Python:

```python
def find_missing_number(nums):
    n = len(nums)
    total_sum = n * (n + 1) // 2
    array_sum = sum(nums)
    return total_sum - array_sum

# Example usage:
nums = [3, 7, 1, 2, 8, 4, 5]
missing_number = find_missing_number(nums)
print(f""The missing number is:",1,0.04959969103336334,0.16825805100211005,16.94114765018225,0.9999999994039536,200,0.0,0.0,1.2307692307692308,17,1.1111111111111112,1.0,1.0,0.0,0.14960629921259844,0.0,1.0
70726638201,Write a python function `max_subarray_sum` that finds the maximum sum of a contiguous subarray within a one-dimensional array of numbers which has at least one positive number.,"Certainly! To solve this problem, you can use Kadane's Algorithm, which efficiently finds the maximum sum of a contiguous subarray in linear time. Here's how you can implement it in Python:

```python
def max_subarray_sum(arr):
    if not arr:
        return 0

    # Initialize variables
    max_current = max_global = arr[0]

    for i in range(1, len(arr)):
        # Update max_current to be the maximum of the current element
        # or the current element plus the previous max_current
        max_current = max(arr[i], max_current + arr[i])

        # Update max_global to be the maximum of itself and max_current
        if max_current > max_global:
            max_global = max_current

    return max_global

# Example usage:
arr = [-2, 1, -3, 4, -1, 2, 1, -5, 4]
print(max_subarray_sum","Certainly! To solve this problem, you can use Kadane's Algorithm, which efficiently finds the maximum sum of a contiguous subarray in linear time. Here's how you can implement it in Python:

```python
def max_subarray_sum(arr):
    if not arr:
        return 0

    # Initialize variables
    max_current = max_global = arr[0]

    for i in range(1, len(arr)):
        # Update max_current to be the maximum of the current element
        # or the current element plus the previous max_current
        max_current = max(arr[i], max_current + arr[i])

        # Update max_global to be the maximum of itself and max_current
        if max_current > max_global:
            max_global = max_current

    return max_global

# Example usage:
arr = [-2, 1, -3, 4, -1, 2, 1, -5, 4]
print(max_subarray_sum",1,0.04781789317727089,0.16727707638698575,16.960492883622646,0.9999999997019767,200,0.0,0.0,4.444444444444445,24,1.25,1.0,0.0,0.0,0.23893805309734514,0.0,1.0
893855581,"Given an array nums of n integers and an integer k, find the kth largest element in the array. Note that it is the kth largest element in the sorted order, not the kth distinct element.","To solve this problem efficiently, you can use a min-heap (priority queue) to keep track of the top k largest elements. The idea is to iterate through the array and maintain a heap of size k. If the heap size exceeds k, remove the smallest element (the root of the min-heap). After processing all elements, the root of the heap will be the kth largest element.

Here's a Python function that implements this approach using the `heapq` module:

```python
import heapq

def find_kth_largest(nums, k):
    # Use a min-heap to keep track of the top k largest elements
    min_heap = []
    
    for num in nums:
        # Add the current number to the heap
        heapq.heappush(min_heap, num)
        
        # If the heap size exceeds k, remove the smallest element
        if len(min_heap) > k:
            heapq.heappop(min_heap)
    
    # The root","To solve this problem efficiently, you can use a min-heap (priority queue) to keep track of the top k largest elements. The idea is to iterate through the array and maintain a heap of size k. If the heap size exceeds k, remove the smallest element (the root of the min-heap). After processing all elements, the root of the heap will be the kth largest element.

Here's a Python function that implements this approach using the `heapq` module:

```python
import heapq

def find_kth_largest(nums, k):
    # Use a min-heap to keep track of the top k largest elements
    min_heap = []
    
    for num in nums:
        # Add the current number to the heap
        heapq.heappush(min_heap, num)
        
        # If the heap size exceeds k, remove the smallest element
        if len(min_heap) > k:
            heapq.heappop(min_heap)
    
    # The root",1,0.10036258131265641,0.2507334721422873,15.740757072269917,0.9999999979138374,200,0.0,0.0,4.285714285714286,20,1.0,1.0,0.0,0.0,0.2706766917293233,0.0,1.0
20383247274,Write a function to generate the nth row of Pascal's triangle.,"def pascals_triangle_row(n):
    if n < 0:
        raise ValueError(""n must be a non-negative integer"")
    
    row = [1] * (n + 1)
    for k in range(1, n):
        row[k] = row[k - 1] * (n - k + 1) // k
    return row

# Example usage:
n = 5
print(f""The {n}th row of Pascal's triangle is: {pascals_triangle_row(n)}"")","Certainly! Pascal's triangle is a triangular array of the binomial coefficients. Each number is the sum of the two numbers directly above it. Here's a Python function to generate the nth row of Pascal's triangle:

```python
def pascals_triangle_row(n):
    if n < 0:
        raise ValueError(""n must be a non-negative integer"")
    
    row = [1] * (n + 1)
    for k in range(1, n):
        row[k] = row[k - 1] * (n - k + 1) // k
    return row

# Example usage:
n = 5
print(f""The {n}th row of Pascal's triangle is: {pascals_triangle_row(n)}"")
```

### Explanation:
- The function `pascals_triangle_row(n)` takes an integer `n` as input and returns the nth row of Pascal's triangle.
- It initializes a list `row` with `",1,0.05167596638202667,0.16814879966889915,16.85942902892828,1.0,200,1.0,2.0,3.2,12,1.0,1.0,1.0,0.0,0.2037037037037037,0.0,0.0
19434228727,"Write a function that checks if a given tree is a binary search tree.

A binary search tree has the property that all nodes in the left subtree of a node have values less than the node's value and all nodes in the right subtree have values greater than the node's value.","To determine if a given tree is a binary search tree (BST), we can use a recursive approach that checks whether each node satisfies the BST properties: all values in the left subtree must be less than the node's value, and all values in the right subtree must be greater than the node's value.

Here's a Python function to perform this check:

```python
class TreeNode:
    def __init__(self, value=0, left=None, right=None):
        self.value = value
        self.left = left
        self.right = right

def is_bst(node, min_val=float('-inf'), max_val=float('inf')):
    # An empty tree is a BST
    if node is None:
        return True
    
    # The current node's value must be between min_val and max_val
    if not (min_val < node.value < max_val):
        return False
    
    # Recursively check the left and right subtrees
    return (is_bst","To determine if a given tree is a binary search tree (BST), we can use a recursive approach that checks whether each node satisfies the BST properties: all values in the left subtree must be less than the node's value, and all values in the right subtree must be greater than the node's value.

Here's a Python function to perform this check:

```python
class TreeNode:
    def __init__(self, value=0, left=None, right=None):
        self.value = value
        self.left = left
        self.right = right

def is_bst(node, min_val=float('-inf'), max_val=float('inf')):
    # An empty tree is a BST
    if node is None:
        return True
    
    # The current node's value must be between min_val and max_val
    if not (min_val < node.value < max_val):
        return False
    
    # Recursively check the left and right subtrees
    return (is_bst",1,0.08961534902453422,0.2271061013456396,15.903572590649128,0.9999999988079071,200,0.0,0.0,4.0,22,1.1666666666666667,0.0,0.0,0.0,0.4126984126984127,0.0,1.0
28755799726,"Write a python function to find the missing number in a given list of integers that contains n distinct numbers taken from 0, 1, 2, ..., n. The function should have a time complexity of O(n) and space complexity of O(1).","To solve this problem, we can use the mathematical property of the sum of the first \( n \) natural numbers. The sum of the first \( n \) natural numbers is given by the formula:

\[ \text{Sum} = \frac{n \times (n + 1)}{2} \]

Given a list of integers that contains \( n \) distinct numbers taken from \( 0, 1, 2, \ldots, n \), with one number missing, we can find the missing number by calculating the expected sum of numbers from \( 0 \) to \( n \) and subtracting the actual sum of the numbers in the list.

Here's the Python function to achieve this:

```python
def find_missing_number(nums):
    n = len(nums)
    expected_sum = n * (n + 1) // 2
    actual_sum = sum(nums)
    return expected_sum - actual_sum

# Example usage:
nums = [","To solve this problem, we can use the mathematical property of the sum of the first \( n \) natural numbers. The sum of the first \( n \) natural numbers is given by the formula:

\[ \text{Sum} = \frac{n \times (n + 1)}{2} \]

Given a list of integers that contains \( n \) distinct numbers taken from \( 0, 1, 2, \ldots, n \), with one number missing, we can find the missing number by calculating the expected sum of numbers from \( 0 \) to \( n \) and subtracting the actual sum of the numbers in the list.

Here's the Python function to achieve this:

```python
def find_missing_number(nums):
    n = len(nums)
    expected_sum = n * (n + 1) // 2
    actual_sum = sum(nums)
    return expected_sum - actual_sum

# Example usage:
nums = [",1,0.05998019106686115,0.19256279354470038,16.629605831205843,0.9999999994039536,200,0.0,0.0,1.3333333333333333,17,1.0,2.0,1.0,0.0,0.29927007299270075,0.0,1.0
70726596281,"Write a python function to check if a given string is a palindrome or not. A palindrome is a word, phrase, number, or other sequence of characters that reads the same backward as forward.","def is_palindrome(s):
    # Remove any non-alphanumeric characters and convert to lowercase
    cleaned_string = ''.join(char.lower() for char in s if char.isalnum())
    
    # Check if the cleaned string is equal to its reverse
    return cleaned_string == cleaned_string[::-1]

# Example usage:
print(is_palindrome(""A man, a plan, a canal: Panama""))  # Output: True
print(is_palindrome(""racecar""))                         # Output: True
print(is_palindrome(""hello""))                           # Output: False","Certainly! Below is a Python function that checks if a given string is a palindrome:

```python
def is_palindrome(s):
    # Remove any non-alphanumeric characters and convert to lowercase
    cleaned_string = ''.join(char.lower() for char in s if char.isalnum())
    
    # Check if the cleaned string is equal to its reverse
    return cleaned_string == cleaned_string[::-1]

# Example usage:
print(is_palindrome(""A man, a plan, a canal: Panama""))  # Output: True
print(is_palindrome(""racecar""))                         # Output: True
print(is_palindrome(""hello""))                           # Output: False
```

### Explanation:
1. **Cleaning the String**: The function first removes any non-alphanumeric characters (such as spaces, punctuation, etc.) from the input string and converts all characters to lowercase. This ensures that the palindrome check is case-insensitive and ignores spaces and punctuation.
2. **Checking for Palindrome**: The",0,0.047637091428041456,0.15624617074516034,16.87492115497589,0.9999999988079071,200,1.0,0.0,1.7777777777777777,11,1.0,1.0,0.0,0.0,0.6071428571428571,1.0,0.0
32279616255,Write a function to check if a given list of integers is sorted in ascending order and all elements are unique.,"Certainly! You can create a Python function to check if a list of integers is sorted in ascending order and if all elements are unique by iterating through the list and comparing each element with the next one. Here's a simple implementation:

```python
def is_sorted_and_unique(lst):
    # Check if the list is empty or has only one element
    if len(lst) <= 1:
        return True
    
    # Iterate through the list and check two conditions
    for i in range(len(lst) - 1):
        # Check if the current element is greater than or equal to the next element
        if lst[i] >= lst[i + 1]:
            return False
    
    # If all checks pass, the list is sorted and unique
    return True

# Example usage:
print(is_sorted_and_unique([1, 2, 3, 4, 5]))  # Output: True
print(is_sorted_and_unique([1, 2, 2","Certainly! You can create a Python function to check if a list of integers is sorted in ascending order and if all elements are unique by iterating through the list and comparing each element with the next one. Here's a simple implementation:

```python
def is_sorted_and_unique(lst):
    # Check if the list is empty or has only one element
    if len(lst) <= 1:
        return True
    
    # Iterate through the list and check two conditions
    for i in range(len(lst) - 1):
        # Check if the current element is greater than or equal to the next element
        if lst[i] >= lst[i + 1]:
            return False
    
    # If all checks pass, the list is sorted and unique
    return True

# Example usage:
print(is_sorted_and_unique([1, 2, 3, 4, 5]))  # Output: True
print(is_sorted_and_unique([1, 2, 2",1,0.06767949402332306,0.1920123325194307,16.356744779646398,0.9999999994039536,200,0.0,0.0,3.75,20,1.3333333333333333,1.3333333333333333,0.0,0.0,0.1640625,0.0,1.0
